﻿<?xml version="1.0" encoding="utf-8"?>
<Roots >
  <Roots.RootTypes>
    <RootType FullName="Windows.UI.Xaml.Application" />
    <RootType FullName="Windows.UI.Xaml.Controls.Page">
      <RootProperty Name="Background" />
      <RootProperty Name="Content" />
    </RootType>
    <RootType FullName="Microsoft.Xaml.DirectUI.ProxyTypes.ThemeResourceExtension" />
    <RootType FullName="Windows.UI.Xaml.Controls.Grid">
      <RootProperty Name="Children" />
    </RootType>
    <RootType FullName="Windows.UI.Xaml.Controls.Button">
      <RootProperty Name="Width" />
      <RootProperty Name="Height" />
      <RootProperty Name="Margin" />
      <RootProperty Name="Content" />
      <RootProperty Name="RenderTransformOrigin" />
      <RootProperty Name="UseLayoutRounding" />
      <RootProperty Name="VerticalAlignment" />
      <RootProperty Name="FontSize" />
      <RootProperty Name="RenderTransform" />
      <RootEvent Name="Click" />
    </RootType>
    <RootType FullName="Windows.UI.Xaml.Controls.TextBox">
      <RootProperty Name="HorizontalAlignment" />
      <RootProperty Name="TextWrapping" />
      <RootProperty Name="Text" />
      <RootProperty Name="VerticalAlignment" />
      <RootProperty Name="Height" />
      <RootProperty Name="Width" />
      <RootProperty Name="FontSize" />
      <RootEvent Name="TextChanged" />
    </RootType>
    <RootType FullName="Windows.UI.Xaml.Media.CompositeTransform">
      <RootProperty Name="Rotation" />
    </RootType>
    <RootType FullName="UWP_Calculator.MainPage" />
  </Roots.RootTypes>
</Roots>
